Brand,Name,Size,SKU,Price,Rating,Load_Index,Speed_Rating,Source,Stock,Installation,Warranty,Road_Hazard,Mounting_Balance
Toyo,Open Country A/T III,245/50R18,TOY-9371-2455018,194.72,4.9/5.0 (287 reviews),115.0,Z,MockData,,,,,
Bridgestone,Turanza QuietTrack,275/35R19,BDS-1669-2753519,216.86,4.5/5.0 (491 reviews),120.0,W,MockData,,,,,
Michelin,CrossClimate2,225/45R17,MCH-6977-2254517,303.52,4.7/5.0 (157 reviews),92.0,Z,MockData,,,,,
Continental,TrueContact Tour,275/35R19,CON-8616-2753519,252.51,3.8/5.0 (229 reviews),103.0,H,MockData,,,,,
Pirelli,Cinturato P7,225/45R17,PIR-7815-2254517,237.35,4.8/5.0 (436 reviews),101.0,V,MockData,,,,,
Cooper,CS5 Ultra Touring,235/50R18,COP-9806-2355018,80.39,4.4/5.0 (460 reviews),118.0,Y,MockData,,,,,
Bridgestone,Blizzak WS90,225/45R17,BDS-5373-2254517,303.69,4.5/5.0 (454 reviews),101.0,W,MockData,,,,,
Bridgestone,Potenza RE-71R,235/50R18,BDS-1032-2355018,307.10,4.0/5.0 (375 reviews),91.0,V,MockData,,,,,
Pirelli,Scorpion Verde,225/60R16,PIR-9649-2256016,188.31,4.3/5.0 (387 reviews),116.0,W,MockData,,,,,
BFGoodrich,Advantage T/A Sport,235/60R18,BFG-9800-2356018,134.77,3.9/5.0 (105 reviews),95.0,H,MockData,,,,,
Falken,Eurowinter HS01,235/60R18,FAL-6828-2356018,221.12,4.5/5.0 (175 reviews),87.0,Z,MockData,,,,,
Continental,ExtremeContact DWS06,245/45R17,CON-5925-2454517,344.04,3.9/5.0 (355 reviews),97.0,Y,MockData,,,,,
Bridgestone,Turanza QuietTrack,225/60R16,BDS-2733-2256016,196.41,3.7/5.0 (376 reviews),90.0,W,MockData,,,,,
Cooper,Zeon RS3-G1,225/60R16,COP-3017-2256016,251.35,4.7/5.0 (151 reviews),111.0,Z,MockData,,,,,
Goodyear,Assurance MaxLife,225/60R16,GDY-5797-2256016,270.62,4.1/5.0 (461 reviews),95.0,Y,MockData,,,,,
BFGoodrich,g-Force COMP-2 A/S,215/55R16,BFG-2246-2155516,296.62,4.8/5.0 (426 reviews),112.0,Y,MockData,,,,,
Goodyear,Assurance MaxLife,265/70R17,GDY-6088-2657017,277.86,4.8/5.0 (80 reviews),106.0,W,MockData,,,,,
Falken,Sincera SN250,225/45R17,FAL-2723-2254517,273.46,4.4/5.0 (404 reviews),86.0,Z,MockData,,,,,
Pirelli,Cinturato P7,235/50R18,PIR-5775-2355018,257.89,4.7/5.0 (486 reviews),100.0,W,MockData,,,,,
Toyo,Proxes R1R,235/60R18,TOY-7308-2356018,155.43,4.9/5.0 (66 reviews),88.0,H,MockData,,,,,
Continental,VikingContact 7,225/60R16,CON-5716-2256016,306.82,4.6/5.0 (265 reviews),117.0,Z,MockData,,,,,
Michelin,CrossClimate2,235/60R18,MCH-8476-2356018,311.84,3.7/5.0 (441 reviews),94.0,W,MockData,,,,,
Michelin,Primacy MXM4,275/35R19,MCH-7434-2753519,268.16,3.8/5.0 (221 reviews),97.0,W,MockData,,,,,
Cooper,Zeon RS3-G1,255/40R17,COP-5692-2554017,194.50,3.6/5.0 (389 reviews),81.0,Y,MockData,,,,,
Continental,ExtremeContact DWS06,245/50R18,CON-8501-2455018,258.04,3.9/5.0 (193 reviews),116.0,V,MockData,,,,,
Pirelli,P Zero,275/35R19,PIR-4659-2753519,102.56,4.9/5.0 (313 reviews),95.0,Y,MockData,,,,,
Pirelli,Cinturato P7,235/50R18,PIR-7739-2355018,122.79,4.6/5.0 (289 reviews),95.0,Z,MockData,,,,,
Cooper,Zeon RS3-G1,265/70R17,COP-7154-2657017,113.13,4.2/5.0 (331 reviews),94.0,Y,MockData,,,,,
Continental,VikingContact 7,265/70R17,CON-6959-2657017,254.12,4.8/5.0 (372 reviews),114.0,W,MockData,,,,,
Cooper,Discoverer AT3 4S,275/35R19,COP-5514-2753519,212.23,4.7/5.0 (369 reviews),106.0,H,MockData,,,,,
Pirelli,P Zero,245/50R18,PIR-6409-2455018,280.69,3.8/5.0 (455 reviews),101.0,H,MockData,,,,,
Continental,ExtremeContact DWS06,225/60R16,CON-4758-2256016,223.71,4.7/5.0 (302 reviews),114.0,Y,MockData,,,,,
Goodyear,Eagle F1 Asymmetric,255/40R17,GDY-7363-2554017,198.47,4.8/5.0 (436 reviews),93.0,Y,MockData,,,,,
Cooper,Discoverer AT3 4S,265/70R17,COP-7475-2657017,140.99,3.9/5.0 (270 reviews),86.0,W,MockData,,,,,
Bridgestone,Turanza QuietTrack,265/70R17,BDS-8951-2657017,117.00,4.3/5.0 (295 reviews),104.0,V,MockData,,,,,
Michelin,Pilot Sport 4S,245/45R17,MCH-9563-2454517,201.99,4.7/5.0 (290 reviews),89.0,V,MockData,,,,,
Bridgestone,Turanza QuietTrack,275/35R19,BDS-8977-2753519,180.08,3.8/5.0 (429 reviews),83.0,V,MockData,,,,,
BFGoodrich,All-Terrain T/A KO2,235/50R18,BFG-8182-2355018,90.82,4.1/5.0 (438 reviews),106.0,Y,MockData,,,,,
Yokohama,IceGuard IG53,235/50R18,YOK-9769-2355018,277.10,4.6/5.0 (326 reviews),109.0,V,MockData,,,,,
Goodyear,Eagle F1 Asymmetric,245/45R17,GDY-3221-2454517,266.46,4.5/5.0 (170 reviews),106.0,V,MockData,,,,,
Dunlop,Signature HP,235/50R18,DUN-5132-2355018,81.00,3.7/5.0 (482 reviews),94.0,Z,MockData,,,,,
Yokohama,Avid Ascend GT,245/50R18,YOK-6387-2455018,86.59,3.5/5.0 (163 reviews),97.0,W,MockData,,,,,
Michelin,Defender T+H,225/60R16,MCH-3620-2256016,296.13,3.6/5.0 (314 reviews),93.0,V,MockData,,,,,
Falken,Azenis FK510,215/55R16,FAL-2075-2155516,173.86,4.7/5.0 (76 reviews),114.0,V,MockData,,,,,
BFGoodrich,g-Force COMP-2 A/S,245/50R18,BFG-7291-2455018,183.51,4.3/5.0 (394 reviews),112.0,W,MockData,,,,,
Goodyear,Eagle F1 Asymmetric,255/40R17,GDY-9346-2554017,220.22,3.8/5.0 (201 reviews),116.0,Y,MockData,,,,,
Dunlop,SP Winter Sport 3D,235/60R18,DUN-6626-2356018,244.05,4.8/5.0 (240 reviews),114.0,W,MockData,,,,,
Yokohama,Avid Ascend GT,235/50R18,YOK-1062-2355018,108.64,3.9/5.0 (80 reviews),99.0,Z,MockData,,,,,
Goodyear,Assurance MaxLife,225/60R16,GDY-8949-2256016,221.23,4.2/5.0 (155 reviews),114.0,H,MockData,,,,,
Falken,Eurowinter HS01,245/50R18,FAL-1340-2455018,297.66,4.8/5.0 (345 reviews),82.0,Y,MockData,,,,,
Dunlop,Direzza ZIII,245/50R18,DUN-9261-2455018,149.52,3.9/5.0 (199 reviews),117.0,Z,MockData,,,,,
Bridgestone,Blizzak WS90,255/40R17,BDS-3358-2554017,155.80,3.9/5.0 (343 reviews),83.0,H,MockData,,,,,
Falken,Sincera SN250,245/45R17,FAL-9226-2454517,265.21,4.7/5.0 (267 reviews),83.0,V,MockData,,,,,
Continental,TrueContact Tour,215/55R16,CON-6875-2155516,117.12,4.9/5.0 (259 reviews),92.0,Y,MockData,,,,,
BFGoodrich,All-Terrain T/A KO2,235/60R18,BFG-9940-2356018,299.15,4.6/5.0 (366 reviews),100.0,H,MockData,,,,,
Continental,VikingContact 7,235/60R18,CON-8532-2356018,188.22,4.5/5.0 (71 reviews),83.0,V,MockData,,,,,
Goodyear,Eagle F1 Asymmetric,235/50R18,GDY-3307-2355018,152.81,3.7/5.0 (153 reviews),89.0,Z,MockData,,,,,
Dunlop,Direzza ZIII,215/55R16,DUN-1447-2155516,248.09,4.7/5.0 (225 reviews),104.0,H,MockData,,,,,
Pirelli,Scorpion Verde,235/50R18,PIR-2755-2355018,182.70,4.5/5.0 (340 reviews),98.0,Z,MockData,,,,,
Continental,TrueContact Tour,245/50R18,CON-6400-2455018,253.59,4.9/5.0 (394 reviews),113.0,Z,MockData,,,,,
Continental,VikingContact 7,245/45R17,CON-4154-2454517,235.68,4.9/5.0 (419 reviews),89.0,H,MockData,,,,,
Dunlop,Direzza ZIII,235/50R18,DUN-8511-2355018,92.24,3.5/5.0 (331 reviews),88.0,Y,MockData,,,,,
Goodyear,Wrangler TrailRunner AT,255/40R17,GDY-5061-2554017,277.20,4.1/5.0 (462 reviews),99.0,Y,MockData,,,,,
Dunlop,Signature HP,245/45R17,DUN-4571-2454517,296.13,4.7/5.0 (243 reviews),117.0,V,MockData,,,,,
Continental,TrueContact Tour,235/50R18,CON-8941-2355018,162.18,3.7/5.0 (439 reviews),99.0,Z,MockData,,,,,
Falken,Azenis FK510,235/50R18,FAL-3483-2355018,299.81,4.0/5.0 (305 reviews),119.0,Y,MockData,,,,,
Continental,ExtremeContact DWS06,275/35R19,CON-2408-2753519,305.53,3.8/5.0 (303 reviews),107.0,Z,MockData,,,,,
Bridgestone,Blizzak WS90,235/60R18,BDS-8657-2356018,324.72,4.4/5.0 (236 reviews),107.0,Y,MockData,,,,,
Falken,Azenis FK510,245/45R17,FAL-3831-2454517,236.27,3.5/5.0 (455 reviews),107.0,H,MockData,,,,,
Falken,Eurowinter HS01,245/45R17,FAL-8551-2454517,164.63,4.6/5.0 (103 reviews),94.0,Y,MockData,,,,,
Bridgestone,Turanza QuietTrack,225/60R16,BDS-9277-2256016,194.63,4.1/5.0 (221 reviews),90.0,Z,MockData,,,,,
Michelin,Primacy MXM4,235/50R18,MCH-6836-2355018,268.08,3.9/5.0 (104 reviews),100.0,V,MockData,,,,,
Pirelli,P Zero,225/45R17,PIR-3729-2254517,288.65,4.9/5.0 (309 reviews),113.0,W,MockData,,,,,
BFGoodrich,Advantage T/A Sport,245/45R17,BFG-9008-2454517,141.40,4.3/5.0 (218 reviews),104.0,V,MockData,,,,,
Goodyear,Assurance MaxLife,225/60R16,GDY-6434-2256016,268.94,4.9/5.0 (114 reviews),82.0,W,MockData,,,,,
Yokohama,Advan Apex,265/70R17,YOK-6819-2657017,95.91,3.9/5.0 (92 reviews),110.0,Z,MockData,,,,,
Falken,Sincera SN250,225/60R16,FAL-6651-2256016,242.54,3.6/5.0 (222 reviews),80.0,Z,MockData,,,,,
Falken,Sincera SN250,245/50R18,FAL-1313-2455018,94.16,4.4/5.0 (144 reviews),97.0,V,MockData,,,,,
Michelin,Defender T+H,225/60R16,MCH-9896-2256016,127.23,4.0/5.0 (382 reviews),,,Discount Tire,In Stock,,,,
Goodyear,Eagle F1 Asymmetric 5,255/40R17,GDY-2847-2554017,168.39,3.9/5.0 (113 reviews),,,Discount Tire,Ships in 2-3 days,,,,
Michelin,Primacy MXM4,225/60R16,MCH-8861-2256016,109.49,4.2/5.0 (80 reviews),,,Discount Tire,Ships in 2-3 days,,,,
BFGoodrich,g-Force COMP-2 A/S Plus,215/55R16,BFG-8641-2155516,269.50,4.5/5.0 (231 reviews),,,Discount Tire,Low Stock,,,,
BFGoodrich,g-Force COMP-2 A/S Plus,265/35R18,BFG-7216-2653518,98.50,4.1/5.0 (345 reviews),,,Discount Tire,Low Stock,,,,
Continental,ExtremeContact DWS06 Plus,245/45R17,CON-5142-2454517,103.83,4.9/5.0 (76 reviews),,,Discount Tire,In Stock,,,,
Continental,TerrainContact A/T,245/40R18,CON-8206-2454018,265.05,4.9/5.0 (408 reviews),,,Discount Tire,Special Order,,,,
Bridgestone,Turanza QuietTrack,225/50R17,BDS-6846-2255017,272.13,4.1/5.0 (350 reviews),,,Discount Tire,Ships in 2-3 days,,,,
Bridgestone,Potenza RE-71RS,225/60R16,BDS-5139-2256016,203.17,4.5/5.0 (234 reviews),,,Discount Tire,In Stock,,,,
Michelin,CrossClimate2,235/50R18,MCH-3472-2355018,178.34,3.9/5.0 (314 reviews),,,Discount Tire,Special Order,,,,
Michelin,Defender T+H,235/50R18,MCH-8291-2355018,184.72,4.2/5.0 (257 reviews),,,Discount Tire,In Stock,,,,
Continental,TrueContact Tour,245/50R18,CON-8092-2455018,237.93,4.7/5.0 (403 reviews),,,Discount Tire,In Stock,,,,
Continental,ExtremeContact DWS06 Plus,245/50R18,CON-1989-2455018,192.55,3.8/5.0 (386 reviews),,,Discount Tire,Ships in 2-3 days,,,,
Goodyear,Wrangler All-Terrain Adventure,245/50R18,GDY-9985-2455018,246.31,4.0/5.0 (162 reviews),,,Discount Tire,Special Order,,,,
Goodyear,Eagle F1 Asymmetric 5,235/50R18,GDY-1940-2355018,156.79,4.7/5.0 (311 reviews),,,Discount Tire,Special Order,,,,
Goodyear,Wrangler All-Terrain Adventure,215/55R16,GDY-6503-2155516,199.90,4.3/5.0 (144 reviews),,,Discount Tire,Ships in 2-3 days,,,,
Goodyear,Assurance WeatherReady,245/40R18,GDY-4299-2454018,189.44,4.3/5.0 (423 reviews),,,Discount Tire,Special Order,,,,
Michelin,Pilot Sport 4S,205/55R16,MCH-1742-2055516,125.04,3.9/5.0 (419 reviews),,,Discount Tire,Ships in 2-3 days,,,,
Continental,ExtremeContact DWS06 Plus,225/45R17,CON-5068-2254517,156.72,4.7/5.0 (80 reviews),,,Discount Tire,In Stock,,,,
Goodyear,Eagle F1 Asymmetric 5,245/50R18,GDY-5194-2455018,116.00,4.2/5.0 (389 reviews),,,Discount Tire,Special Order,,,,
Continental,TerrainContact A/T,275/35R19,CON-1710-2753519,241.77,4.1/5.0 (407 reviews),,,Discount Tire,In Stock,,,,
Continental,ExtremeContact DWS06 Plus,255/40R17,CON-9686-2554017,221.36,4.2/5.0 (264 reviews),,,Discount Tire,Ships in 2-3 days,,,,
BFGoodrich,Advantage Control,205/55R16,BFG-1096-2055516,252.95,4.3/5.0 (135 reviews),,,Discount Tire,Special Order,,,,
Continental,ExtremeContact DWS06 Plus,245/40R18,CON-7563-2454018,156.54,3.9/5.0 (87 reviews),,,Discount Tire,Low Stock,,,,
Michelin,Defender T+H,245/50R18,MCH-5653-2455018,300.95,3.9/5.0 (280 reviews),,,Discount Tire,Ships in 2-3 days,,,,
BFGoodrich,g-Force COMP-2 A/S Plus,255/40R17,BFG-6958-2554017,210.84,4.4/5.0 (167 reviews),,,Discount Tire,Ships in 2-3 days,,,,
Continental,TrueContact Tour,235/50R18,CON-8627-2355018,258.72,3.8/5.0 (206 reviews),,,Discount Tire,In Stock,,,,
Bridgestone,Dueler H/L Alenza Plus,235/50R18,BDS-4944-2355018,210.00,4.1/5.0 (295 reviews),,,Discount Tire,Low Stock,,,,
Goodyear,Eagle F1 Asymmetric 5,225/45R17,GDY-1874-2254517,170.42,4.0/5.0 (122 reviews),,,Discount Tire,Special Order,,,,
BFGoodrich,Advantage Control,255/40R17,BFG-5842-2554017,226.58,4.3/5.0 (150 reviews),,,Discount Tire,In Stock,,,,
BFGoodrich,Advantage Control,265/35R18,BFG-2929-2653518,212.55,4.4/5.0 (210 reviews),,,Discount Tire,Ships in 2-3 days,,,,
Goodyear,Assurance WeatherReady,215/55R16,GDY-8984-2155516,260.43,4.7/5.0 (378 reviews),,,Discount Tire,Special Order,,,,
Continental,ExtremeContact DWS06 Plus,245/40R18,CON-8654-2454018,230.00,4.5/5.0 (289 reviews),,,Discount Tire,Low Stock,,,,
Goodyear,Eagle F1 Asymmetric 5,205/55R16,GDY-3761-2055516,108.49,4.9/5.0 (262 reviews),,,Discount Tire,In Stock,,,,
BFGoodrich,All-Terrain T/A KO2,225/60R16,BFG-1872-2256016,114.10,4.0/5.0 (264 reviews),,,Discount Tire,Low Stock,,,,
Goodyear,Eagle F1 Asymmetric 5,225/50R17,GDY-9803-2255017,238.39,4.2/5.0 (101 reviews),,,Discount Tire,Ships in 2-3 days,,,,
BFGoodrich,Advantage Control,255/40R17,BFG-2621-2554017,178.31,4.1/5.0 (78 reviews),,,Discount Tire,Special Order,,,,
Michelin,CrossClimate2,205/55R16,MCH-7088-2055516,236.28,4.2/5.0 (301 reviews),,,Discount Tire,Special Order,,,,
Continental,ExtremeContact DWS06 Plus,265/35R18,CON-1611-2653518,201.48,4.5/5.0 (270 reviews),,,Discount Tire,Low Stock,,,,
Goodyear,Wrangler All-Terrain Adventure,235/60R18,GDY-4128-2356018,193.18,4.3/5.0 (446 reviews),,,Discount Tire,In Stock,,,,
Bridgestone,Turanza QuietTrack,245/45R17,BDS-1016-2454517,196.41,4.3/5.0 (413 reviews),,,Discount Tire,Ships in 2-3 days,,,,
BFGoodrich,g-Force COMP-2 A/S Plus,235/50R18,BFG-1968-2355018,249.71,3.9/5.0 (312 reviews),,,Discount Tire,Ships in 2-3 days,,,,
Michelin,Primacy MXM4,265/70R17,MCH-6125-2657017,186.78,4.7/5.0 (219 reviews),,,Discount Tire,Low Stock,,,,
Michelin,Pilot Sport 4S,245/40R18,MCH-6089-2454018,285.17,4.8/5.0 (163 reviews),,,Discount Tire,In Stock,,,,
BFGoodrich,All-Terrain T/A KO2,275/35R19,BFG-2678-2753519,210.36,4.4/5.0 (382 reviews),,,Discount Tire,Special Order,,,,
Michelin,Primacy MXM4,215/55R16,MCH-4241-2155516,304.70,4.3/5.0 (190 reviews),,,Discount Tire,Low Stock,,,,
Bridgestone,Turanza QuietTrack,255/40R17,BDS-2131-2554017,231.20,4.4/5.0 (75 reviews),,,Discount Tire,Ships in 2-3 days,,,,
Bridgestone,Potenza RE-71RS,235/50R18,BDS-9904-2355018,118.00,4.7/5.0 (306 reviews),,,Discount Tire,Special Order,,,,
BFGoodrich,Advantage Control,255/40R17,BFG-5483-2554017,120.67,4.7/5.0 (294 reviews),,,Discount Tire,In Stock,,,,
Bridgestone,Blizzak WS90,205/65R16,BS912552,133.55,4.5/5.0 (185 reviews),,,Firestone,,Appointment Required,"80,000 Mile Warranty",,
Continental,CrossContact LX25,235/55R17,CT663303,144.40,3.9/5.0 (333 reviews),,,Firestone,,Same Day Installation,"80,000 Mile Warranty",,
Continental,PureContact LS,235/55R17,CT299110,252.12,3.8/5.0 (305 reviews),,,Firestone,,Next Day Installation,"80,000 Mile Warranty",,
Goodyear,Eagle Sport All-Season,245/70R17,GY473792,152.77,4.4/5.0 (171 reviews),,,Firestone,,Same Day Installation,"90,000 Mile Warranty",,
Michelin,Pilot Sport A/S 3+,225/60R17,MI482583,257.87,4.0/5.0 (167 reviews),,,Firestone,,Same Day Installation,Lifetime Warranty,,
Continental,CrossContact LX25,215/55R17,CT855864,107.45,3.7/5.0 (236 reviews),,,Firestone,,Same Day Installation,"90,000 Mile Warranty",,
Bridgestone,Ecopia EP422 Plus,205/65R16,BS278153,167.73,3.7/5.0 (114 reviews),,,Firestone,,Next Day Installation,"80,000 Mile Warranty",,
Goodyear,Eagle Sport All-Season,235/55R17,GY604676,134.90,3.9/5.0 (92 reviews),,,Firestone,,Next Day Installation,"90,000 Mile Warranty",,
Firestone,Champion Fuel Fighter,215/65R16,FS633802,168.94,4.1/5.0 (225 reviews),,,Firestone,,Appointment Required,Lifetime Warranty,,
Continental,ProContact TX,225/65R17,CT212146,115.18,4.7/5.0 (149 reviews),,,Firestone,,Appointment Required,"80,000 Mile Warranty",,
Michelin,Pilot Sport A/S 3+,215/65R16,MI639386,209.80,4.0/5.0 (84 reviews),,,Firestone,,Appointment Required,"90,000 Mile Warranty",,
Bridgestone,Potenza RE980AS,235/55R17,BS742270,151.12,3.9/5.0 (343 reviews),,,Firestone,,Next Day Installation,Lifetime Warranty,,
Michelin,Pilot Sport A/S 3+,245/70R17,MI748242,186.23,3.9/5.0 (82 reviews),,,Firestone,,Appointment Required,"60,000 Mile Warranty",,
Firestone,WeatherGrip,215/65R16,FS512911,149.41,3.8/5.0 (341 reviews),,,Firestone,,Same Day Installation,"90,000 Mile Warranty",,
Bridgestone,Potenza RE980AS,215/55R17,BS993735,289.53,4.2/5.0 (73 reviews),,,Firestone,,Next Day Installation,"60,000 Mile Warranty",,
Firestone,Destination LE3,215/55R17,FS349021,249.95,3.8/5.0 (282 reviews),,,Firestone,,Appointment Required,"60,000 Mile Warranty",,
Firestone,Champion Fuel Fighter,205/65R16,FS982381,75.54,4.4/5.0 (212 reviews),,,Firestone,,Appointment Required,"90,000 Mile Warranty",,
Michelin,Energy Saver A/S,235/55R17,MI354726,128.06,4.5/5.0 (187 reviews),,,Firestone,,Appointment Required,"80,000 Mile Warranty",,
Goodyear,Assurance ComfortDrive,235/70R16,GY590270,92.32,4.2/5.0 (260 reviews),,,Firestone,,Same Day Installation,"90,000 Mile Warranty",,
Firestone,WeatherGrip,225/55R17,FS863704,138.38,4.6/5.0 (306 reviews),,,Firestone,,Next Day Installation,"80,000 Mile Warranty",,
Michelin,Latitude Tour HP,235/65R18,MI917313,293.68,4.6/5.0 (317 reviews),,,Firestone,,Same Day Installation,Lifetime Warranty,,
Goodyear,Wrangler SR-A,245/60R18,GY132913,161.19,4.1/5.0 (156 reviews),,,Firestone,,Appointment Required,Lifetime Warranty,,
Goodyear,Assurance ComfortDrive,215/55R17,GY305426,239.77,3.7/5.0 (200 reviews),,,Firestone,,Appointment Required,"60,000 Mile Warranty",,
Bridgestone,Potenza RE980AS,225/60R17,BS295884,220.36,4.5/5.0 (235 reviews),,,Firestone,,Next Day Installation,"60,000 Mile Warranty",,
Bridgestone,Ecopia EP422 Plus,225/60R17,BS882949,256.05,4.1/5.0 (286 reviews),,,Firestone,,Next Day Installation,"90,000 Mile Warranty",,
Goodyear,Eagle Sport All-Season,245/60R18,GY399292,224.15,3.9/5.0 (174 reviews),,,Firestone,,Next Day Installation,"60,000 Mile Warranty",,
Bridgestone,DriveGuard,265/70R17,BS776119,156.88,4.4/5.0 (238 reviews),,,Firestone,,Appointment Required,Lifetime Warranty,,
Bridgestone,Potenza RE980AS,215/60R16,BS616612,108.48,3.9/5.0 (93 reviews),,,Firestone,,Next Day Installation,"60,000 Mile Warranty",,
Goodyear,Eagle Sport All-Season,235/65R18,GY753798,87.35,3.8/5.0 (149 reviews),,,Firestone,,Appointment Required,Lifetime Warranty,,
Firestone,WeatherGrip,215/65R16,FS462104,106.67,3.8/5.0 (271 reviews),,,Firestone,,Next Day Installation,"90,000 Mile Warranty",,
Bridgestone,Blizzak WS90,245/70R17,BS621398,282.11,4.3/5.0 (121 reviews),,,Firestone,,Same Day Installation,"90,000 Mile Warranty",,
Continental,ProContact TX,205/65R16,CT113355,188.46,4.4/5.0 (80 reviews),,,Firestone,,Next Day Installation,"80,000 Mile Warranty",,
Bridgestone,Blizzak WS90,245/60R18,BS428085,90.33,4.7/5.0 (342 reviews),,,Firestone,,Next Day Installation,"60,000 Mile Warranty",,
Michelin,Energy Saver A/S,235/70R16,MI760119,248.63,4.4/5.0 (212 reviews),,,Firestone,,Same Day Installation,"90,000 Mile Warranty",,
Continental,CrossContact LX25,215/65R16,CT410842,191.28,4.1/5.0 (303 reviews),,,Firestone,,Same Day Installation,"90,000 Mile Warranty",,
Bridgestone,DriveGuard,215/65R16,BS304280,133.14,4.8/5.0 (267 reviews),,,Firestone,,Next Day Installation,"80,000 Mile Warranty",,
Continental,CrossContact LX25,245/60R18,CT367703,258.25,3.7/5.0 (140 reviews),,,Firestone,,Same Day Installation,"90,000 Mile Warranty",,
Goodyear,Assurance ComfortDrive,265/70R17,GY264724,267.35,4.2/5.0 (375 reviews),,,Firestone,,Appointment Required,Lifetime Warranty,,
Bridgestone,DriveGuard,205/65R16,BS262081,288.30,4.0/5.0 (220 reviews),,,Firestone,,Same Day Installation,"60,000 Mile Warranty",,
Bridgestone,DriveGuard,245/60R18,BS740836,278.16,4.3/5.0 (130 reviews),,,Firestone,,Same Day Installation,"80,000 Mile Warranty",,
Continental,PureContact LS,215/65R16,CT140420,249.30,3.8/5.0 (274 reviews),,,Firestone,,Same Day Installation,Lifetime Warranty,,
Firestone,Champion Fuel Fighter,265/70R17,FS780408,87.44,3.7/5.0 (260 reviews),,,Firestone,,Appointment Required,Lifetime Warranty,,
Firestone,WeatherGrip,265/70R17,FS440534,238.44,4.7/5.0 (364 reviews),,,Firestone,,Same Day Installation,Lifetime Warranty,,
Bridgestone,DriveGuard,235/70R16,BS321979,87.89,4.0/5.0 (113 reviews),,,Firestone,,Same Day Installation,"90,000 Mile Warranty",,
Continental,CrossContact LX25,215/65R16,CT609793,253.45,3.9/5.0 (267 reviews),,,Firestone,,Appointment Required,Lifetime Warranty,,
Bridgestone,Potenza RE980AS,215/65R16,BS116862,278.95,4.0/5.0 (86 reviews),,,Firestone,,Next Day Installation,Lifetime Warranty,,
Bridgestone,Blizzak WS90,225/65R17,BS851929,171.32,4.4/5.0 (262 reviews),,,Firestone,,Same Day Installation,"80,000 Mile Warranty",,
Michelin,Pilot Sport A/S 3+,245/70R17,MI941456,94.65,4.2/5.0 (64 reviews),,,Firestone,,Next Day Installation,"60,000 Mile Warranty",,
Bridgestone,Ecopia EP422 Plus,215/55R17,BS575064,270.10,4.5/5.0 (252 reviews),,,Firestone,,Appointment Required,"80,000 Mile Warranty",,
Michelin,Pilot Sport A/S 3+,215/60R16,MI732822,295.95,4.5/5.0 (121 reviews),,,Firestone,,Next Day Installation,"90,000 Mile Warranty",,
Firestone,Destination LE3,215/60R16,FS409213,199.54,4.5/5.0 (337 reviews),,,Firestone,,Next Day Installation,Lifetime Warranty,,
Continental,ProContact TX,245/60R18,CT394456,98.40,4.2/5.0 (260 reviews),,,Firestone,,Appointment Required,"80,000 Mile Warranty",,
Uniroyal,Tiger Paw Touring,225/60R16,NTB-UN-86320,155.50,3.9/5.0 (203 reviews),,,NTB,,,,Road Hazard Protection Available,Professional Installation
BFGoodrich,Advantage T/A Sport LT,185/65R15,NTB-BF-19072,81.88,4.3/5.0 (185 reviews),,,NTB,,,,Standard Warranty,Mounting & Balancing - $19.99
Goodyear,Reliant All-Season,215/65R16,NTB-GY-40581,73.11,4.0/5.0 (273 reviews),,,NTB,,,,Standard Warranty,Professional Installation
Uniroyal,Tiger Paw GTZ All Season,235/60R16,NTB-UN-64997,167.07,3.8/5.0 (45 reviews),,,NTB,,,,Standard Warranty,Mounting & Balancing - $19.99
Uniroyal,Laredo Cross Country Tour,235/65R17,NTB-UN-55366,221.32,3.9/5.0 (180 reviews),,,NTB,,,,Road Hazard Protection Available,Mounting & Balancing - $19.99
Uniroyal,Laredo Cross Country Tour,235/65R17,NTB-UN-97615,55.18,4.6/5.0 (217 reviews),,,NTB,,,,Extended Protection Plan,Mounting & Balancing - $19.99
Goodyear,Wrangler HP All Weather,245/65R17,NTB-GY-60552,134.89,4.6/5.0 (308 reviews),,,NTB,,,,Standard Warranty,Mounting & Balancing - $19.99
Michelin,CrossClimate SUV,185/65R15,NTB-MI-12229,127.76,3.6/5.0 (51 reviews),,,NTB,,,,Road Hazard Protection Available,Free Mounting & Balancing
Michelin,Premier A/S,225/70R16,NTB-MI-54731,248.25,4.2/5.0 (312 reviews),,,NTB,,,,Extended Protection Plan,Mounting & Balancing - $19.99
BFGoodrich,All-Terrain T/A KO2,195/65R15,NTB-BF-57788,72.52,4.3/5.0 (259 reviews),,,NTB,,,,Standard Warranty,Free Mounting & Balancing
Uniroyal,Laredo Cross Country Tour,215/60R16,NTB-UN-20453,227.84,4.0/5.0 (231 reviews),,,NTB,,,,Road Hazard Protection Available,Free Mounting & Balancing
Goodyear,Eagle LS-2,235/70R16,NTB-GY-61409,141.29,3.7/5.0 (217 reviews),,,NTB,,,,Road Hazard Protection Available,Free Mounting & Balancing
Uniroyal,Tiger Paw Touring,245/70R16,NTB-UN-36219,93.95,3.7/5.0 (274 reviews),,,NTB,,,,Standard Warranty,Free Mounting & Balancing
Uniroyal,Tiger Paw GTZ All Season,225/60R16,NTB-UN-26489,174.86,3.8/5.0 (33 reviews),,,NTB,,,,Extended Protection Plan,Mounting & Balancing - $19.99
BFGoodrich,All-Terrain T/A KO2,185/65R15,NTB-BF-40017,170.26,3.6/5.0 (207 reviews),,,NTB,,,,Standard Warranty,Mounting & Balancing - $19.99
Kelly,Safari Signature,225/60R16,NTB-KE-71574,55.51,4.1/5.0 (280 reviews),,,NTB,,,,Standard Warranty,Free Mounting & Balancing
BFGoodrich,Advantage T/A Sport LT,235/60R16,NTB-BF-65216,174.81,4.1/5.0 (160 reviews),,,NTB,,,,Road Hazard Protection Available,Free Mounting & Balancing
Uniroyal,Tiger Paw GTZ All Season,195/65R15,NTB-UN-69091,208.63,3.9/5.0 (175 reviews),,,NTB,,,,Standard Warranty,Free Mounting & Balancing
BFGoodrich,Advantage T/A Sport LT,225/65R17,NTB-BF-90290,223.21,3.7/5.0 (320 reviews),,,NTB,,,,Extended Protection Plan,Free Mounting & Balancing
BFGoodrich,All-Terrain T/A KO2,235/65R17,NTB-BF-91824,184.60,4.5/5.0 (72 reviews),,,NTB,,,,Standard Warranty,Free Mounting & Balancing
Uniroyal,Tiger Paw Touring,215/65R16,NTB-UN-56280,85.36,4.2/5.0 (156 reviews),,,NTB,,,,Extended Protection Plan,Mounting & Balancing - $19.99
BFGoodrich,Advantage T/A Sport LT,215/65R16,NTB-BF-31449,103.75,4.6/5.0 (161 reviews),,,NTB,,,,Standard Warranty,Free Mounting & Balancing
Kelly,Edge All Season,235/65R17,NTB-KE-76306,94.88,4.5/5.0 (72 reviews),,,NTB,,,,Road Hazard Protection Available,Free Mounting & Balancing
BFGoodrich,Radial T/A,195/65R15,NTB-BF-74653,198.04,4.2/5.0 (171 reviews),,,NTB,,,,Road Hazard Protection Available,Professional Installation
Goodyear,Eagle LS-2,265/70R16,NTB-GY-33995,224.16,4.5/5.0 (191 reviews),,,NTB,,,,Standard Warranty,Free Mounting & Balancing
Michelin,CrossClimate SUV,225/70R16,NTB-MI-81639,218.62,4.0/5.0 (41 reviews),,,NTB,,,,Standard Warranty,Professional Installation
Goodyear,Reliant All-Season,235/60R16,NTB-GY-28512,197.88,3.9/5.0 (76 reviews),,,NTB,,,,Standard Warranty,Mounting & Balancing - $19.99
Michelin,Premier A/S,235/70R16,NTB-MI-16477,125.37,3.9/5.0 (230 reviews),,,NTB,,,,Standard Warranty,Professional Installation
BFGoodrich,Radial T/A,205/60R16,NTB-BF-31329,160.22,4.5/5.0 (154 reviews),,,NTB,,,,Road Hazard Protection Available,Free Mounting & Balancing
Kelly,Safari Signature,205/60R16,NTB-KE-21725,80.63,4.0/5.0 (201 reviews),,,NTB,,,,Extended Protection Plan,Professional Installation
Michelin,Premier A/S,265/70R16,NTB-MI-89481,102.48,4.0/5.0 (50 reviews),,,NTB,,,,Extended Protection Plan,Mounting & Balancing - $19.99
Kelly,Navigator Touring Gold,215/65R16,NTB-KE-71271,82.28,4.6/5.0 (278 reviews),,,NTB,,,,Road Hazard Protection Available,Mounting & Balancing - $19.99
Michelin,Latitude Cross,245/65R17,NTB-MI-94952,144.32,4.2/5.0 (161 reviews),,,NTB,,,,Standard Warranty,Free Mounting & Balancing
Uniroyal,Laredo Cross Country Tour,215/65R16,NTB-UN-98885,155.85,4.0/5.0 (188 reviews),,,NTB,,,,Road Hazard Protection Available,Free Mounting & Balancing
Uniroyal,Tiger Paw GTZ All Season,225/60R16,NTB-UN-78070,74.07,4.1/5.0 (99 reviews),,,NTB,,,,Road Hazard Protection Available,Mounting & Balancing - $19.99
Uniroyal,Tiger Paw GTZ All Season,215/65R16,NTB-UN-22088,97.67,4.6/5.0 (100 reviews),,,NTB,,,,Extended Protection Plan,Professional Installation
Uniroyal,Laredo Cross Country Tour,225/70R16,NTB-UN-23787,214.57,4.6/5.0 (271 reviews),,,NTB,,,,Road Hazard Protection Available,Mounting & Balancing - $19.99
Michelin,Defender LTX M/S,215/65R16,NTB-MI-61925,160.07,4.2/5.0 (106 reviews),,,NTB,,,,Standard Warranty,Professional Installation
